{
  "timestamp": "2025-08-26T23:17:20.660813",
  "data_path": "/home/radyah/Thmanyah/radhiyah-projct/radhiyah-projct/data/raw/customer_churn_mini.json",
  "data_file_size_mb": 122.52550220489502,
  "total_methods_tested": 4,
  "total_models_trained": 16,
  "best_overall_model": {
    "method": "downgrade",
    "name": "RandomForest",
    "score": 1.0
  },
  "method_results": {
    "cancellation": {
      "churn_rate": 23.11111111111111,
      "data_shape": [
        225,
        41
      ],
      "successful_models": 4,
      "best_model": {
        "name": "LogisticRegression",
        "auc": 0.9542857142857143,
        "precision": 0.7272727272727273,
        "recall": 0.8,
        "f1": 0.7619047619047619
      }
    },
    "downgrade": {
      "churn_rate": 21.777777777777775,
      "data_shape": [
        225,
        41
      ],
      "successful_models": 4,
      "best_model": {
        "name": "RandomForest",
        "auc": 1.0,
        "precision": 1.0,
        "recall": 1.0,
        "f1": 1.0
      }
    },
    "combined": {
      "churn_rate": 40.88888888888889,
      "data_shape": [
        225,
        41
      ],
      "successful_models": 4,
      "best_model": {
        "name": "GradientBoosting",
        "auc": 0.948559670781893,
        "precision": 0.68,
        "recall": 0.9444444444444444,
        "f1": 0.7906976744186046
      }
    },
    "inactivity": {
      "churn_rate": 49.77777777777778,
      "data_shape": [
        225,
        41
      ],
      "successful_models": 4,
      "best_model": {
        "name": "RandomForest",
        "auc": 0.8735177865612649,
        "precision": 0.9333333333333333,
        "recall": 0.6363636363636364,
        "f1": 0.7567567567567568
      }
    }
  }
}